{
    "name": "root",
    "metadata": {
        "timer_format_version": "0.1.0",
        "start_time_seconds": "1775423918",
        "python_version": "3.9.6 (default, Jan  9 2026, 11:03:41) \n[Clang 17.0.0 (clang-1700.6.4.2)]",
        "command_line_arguments": "/Users/kore/Documents/Code/Projects/slap-arena-game/venv/bin/mlagents-learn Config/SlapArenaTrainer.yaml --run-id=Practice02 --force",
        "mlagents_version": "0.30.0",
        "mlagents_envs_version": "0.30.0",
        "communication_protocol_version": "1.5.0",
        "pytorch_version": "1.11.0",
        "numpy_version": "1.21.2",
        "end_time_seconds": "1775424015"
    },
    "total": 97.40946004199999,
    "count": 1,
    "self": 0.004486166999996044,
    "children": {
        "run_training.setup": {
            "total": 0.038379875000000174,
            "count": 1,
            "self": 0.038379875000000174
        },
        "TrainerController.start_learning": {
            "total": 97.36659399999999,
            "count": 1,
            "self": 0.019568017000295868,
            "children": {
                "TrainerController._reset_env": {
                    "total": 29.344659583,
                    "count": 1,
                    "self": 29.344659583
                },
                "TrainerController.advance": {
                    "total": 67.9174132749997,
                    "count": 3174,
                    "self": 0.017108945999510183,
                    "children": {
                        "env_step": {
                            "total": 67.62235594900007,
                            "count": 3174,
                            "self": 66.98780544600027,
                            "children": {
                                "SubprocessEnvManager._take_step": {
                                    "total": 0.6233755399998486,
                                    "count": 3174,
                                    "self": 0.033344013999830224,
                                    "children": {
                                        "TorchPolicy.evaluate": {
                                            "total": 0.5900315260000184,
                                            "count": 3174,
                                            "self": 0.5900315260000184
                                        }
                                    }
                                },
                                "workers": {
                                    "total": 0.01117496299994869,
                                    "count": 3173,
                                    "self": 0.0,
                                    "children": {
                                        "worker_root": {
                                            "total": 7.1556104530000155,
                                            "count": 3173,
                                            "is_parallel": true,
                                            "self": 1.6180780009998088,
                                            "children": {
                                                "steps_from_proto": {
                                                    "total": 0.0004687499999995737,
                                                    "count": 1,
                                                    "is_parallel": true,
                                                    "self": 0.0002355839999985676,
                                                    "children": {
                                                        "_process_rank_one_or_two_observation": {
                                                            "total": 0.00023316600000100607,
                                                            "count": 2,
                                                            "is_parallel": true,
                                                            "self": 0.00023316600000100607
                                                        }
                                                    }
                                                },
                                                "UnityEnvironment.step": {
                                                    "total": 5.537063702000207,
                                                    "count": 3173,
                                                    "is_parallel": true,
                                                    "self": 0.050026469000670204,
                                                    "children": {
                                                        "UnityEnvironment._generate_step_input": {
                                                            "total": 0.12814187899990515,
                                                            "count": 3173,
                                                            "is_parallel": true,
                                                            "self": 0.12814187899990515
                                                        },
                                                        "communicator.exchange": {
                                                            "total": 5.17964517799987,
                                                            "count": 3173,
                                                            "is_parallel": true,
                                                            "self": 5.17964517799987
                                                        },
                                                        "steps_from_proto": {
                                                            "total": 0.179250175999762,
                                                            "count": 3173,
                                                            "is_parallel": true,
                                                            "self": 0.12263711600010652,
                                                            "children": {
                                                                "_process_rank_one_or_two_observation": {
                                                                    "total": 0.05661305999965549,
                                                                    "count": 6346,
                                                                    "is_parallel": true,
                                                                    "self": 0.05661305999965549
                                                                }
                                                            }
                                                        }
                                                    }
                                                }
                                            }
                                        }
                                    }
                                }
                            }
                        },
                        "trainer_advance": {
                            "total": 0.27794838000012234,
                            "count": 3173,
                            "self": 0.016939998000250256,
                            "children": {
                                "process_trajectory": {
                                    "total": 0.06326400699988,
                                    "count": 3173,
                                    "self": 0.06326400699988
                                },
                                "_update_policy": {
                                    "total": 0.1977443749999921,
                                    "count": 2,
                                    "self": 0.10850916999994809,
                                    "children": {
                                        "TorchPPOOptimizer.update": {
                                            "total": 0.089235205000044,
                                            "count": 102,